{"cameraMode":{"drawMode":0,"name":"Shaded","section":"Shading Mode"},"sceneLighting":true,"audioPlay":false,"sceneViewState":{"m_AlwaysRefresh":false,"showFog":true,"showSkybox":true,"showFlares":true,"showImageEffects":true,"showParticleSystems":true,"showVisualEffectGraphs":true,"m_FxEnabled":true},"in2DMode":false,"pivot":{"x":0.9565865993499756,"y":1.7690074443817139,"z":1.4085004329681397},"rotation":{"x":0.25669047236442568,"y":0.6534650921821594,"z":-0.25180402398109438,"w":0.6661130785942078},"size":11.283710479736329,"orthographic":false}